"Message",Low,"正在启动 .NET Native 编译"
"Message",Low,""
"Message",Low,""
"Message",Low,"任务 ""Gatekeeper"""
"Message",Normal,"Launching 'C:\Users\maozw\.nuget\packages\microsoft.net.native.compiler\1.7.0\tools\x64\ilc\Tools\Gatekeeper.exe @""D:\study\uwpProjects\One\One\obj\x64\Release\ilc\intermediate\gkargs.rsp""'"
"Message",Low,"Microsoft (R) .NET Native ���������汾 1.7.25531.01 "
"Message",Low,"Copyright (C) Microsoft Corporation.  All rights reserved. "
"Message",Low," "
"Message",Low,"���ڼ����򼯡�D:\study\uwpProjects\One\One\obj\x64\Release\ilc\in\ColorTranslations.dll����  "
"Message",Low,"���ڼ����򼯡�D:\study\uwpProjects\One\One\obj\x64\Release\ilc\in\Microsoft.Toolkit.Uwp.Notifications.dll����  "
"Message",Low,"���ڼ����򼯡�D:\study\uwpProjects\One\One\obj\x64\Release\ilc\in\Newtonsoft.Json.dll����  "
"Message",Low,"���ڼ����򼯡�D:\study\uwpProjects\One\One\obj\x64\Release\ilc\in\One.exe����  "
"Message",Normal,"'C:\Users\maozw\.nuget\packages\microsoft.net.native.compiler\1.7.0\tools\x64\ilc\Tools\Gatekeeper.exe @""D:\study\uwpProjects\One\One\obj\x64\Release\ilc\intermediate\gkargs.rsp""' completed."
"Message",Normal,"Process execution statistics (all times in milliseconds)"
"Message",Normal,"-----------------------------------------------------------------------------"
"Message",Normal,"launch  |  start   |   stop   |   end    | duration | lifetime | [slot] name"
"Message",Normal,"-----------------------------------------------------------------------------"
"Message",Normal,"       0 |       15 |     1093 |     1093 |     1078 |     1093 | [0] Gatekeeper"
"Message",Normal,"Number of commands:      1"
"Message",Normal,"Total system time:       1093 ms"
"Message",Normal,"System time per command: 1093 ms"
"Message",Normal,"Total duration:          1078 ms"
"Message",Normal,"Total lifetime:          1093 ms"
"Message",Normal,"Requested DOP:           4"
"Message",Normal,"Duration DOP:            1.0"
"Message",Normal,"Lifetime DOP:            1.0"
"Message",Low,"已完成执行任务 ""Gatekeeper""。"
"Message",Low,"已完成在文件 ""Preparation"" 中生成目标 ""RunGatekeeper""。"
"Message",Low,""
"Message",Low,"任务 ""InjectWindowsRuntimeTypeForwards"""
"Message",Normal,"Running 'InjectWindowsRuntimeTypeForwards' transform, heap at 12 MB."
"Message",Normal,"Running 'WriteAssemblies' transform, heap at 17 MB."
"Message",Normal,""
"Message",Normal,"Transform summary"
"Message",Normal,"    ms | heap delta | name"
"Message",Normal,"   686 |          5 | InjectWindowsRuntimeTypeForwards"
"Message",Normal,"   520 |          1 | WriteAssemblies"
"Message",Low,"已完成执行任务 ""InjectWindowsRuntimeTypeForwards""。"
"Message",Low,"已完成在文件 ""Preparation"" 中生成目标 ""InjectWindowRuntimeTypeForwards""。"
"Message",Low,""
"Message",Low,"任务 ""PreResolveAssemblyClosure"""
"Message",Low,"已完成执行任务 ""PreResolveAssemblyClosure""。"
"Message",Low,"任务 ""PreResolveTransforms"""
"Message",Normal,"Running 'ResolveSelfReferences' transform, heap at 19 MB."
"Message",Normal,"Running 'RemoveDuplicateMembers' transform, heap at 51 MB."
"Message",Normal,"Running 'PortableLib' transform, heap at 51 MB."
"Message",Normal,"Running 'WriteAssemblies' transform, heap at 91 MB."
"Message",Normal,""
"Message",Normal,"Transform summary"
"Message",Normal,"    ms | heap delta | name"
"Message",Normal,"   309 |         32 | ResolveSelfReferences"
"Message",Normal,"   294 |         40 | PortableLib"
"Message",Normal,"   263 |         10 | WriteAssemblies"
"Message",Normal,"     9 |          0 | RemoveDuplicateMembers"
"Message",Low,"已完成执行任务 ""PreResolveTransforms""。"
"Message",Low,"已完成在文件 ""Preparation"" 中生成目标 ""PreResolveTransforms""。"
"Message",Low,""
"Message",Low,"任务 ""InitialAssemblyClosure"""
"Message",Low,"已完成执行任务 ""InitialAssemblyClosure""。"
"Message",Low,"任务 ""ResolveInitialReferencesAssemblyClosure1"""
"Message",Low,"已完成执行任务 ""ResolveInitialReferencesAssemblyClosure1""。"
"Message",Low,"任务 ""ResolveInitialReferencesAssemblyClosure2"""
"Message",Low,"已完成执行任务 ""ResolveInitialReferencesAssemblyClosure2""。"
"Message",Low,"已完成在文件 ""Preparation"" 中生成目标 ""ResolveInitialReferences""。"
"Message",Low,"已完成生成项目 ""Preparation""。"
"Message",Low,""
"Message",Low,""
"Message",High,"正在处理应用程序代码"
"Message",Low,"任务 ""ValidateSimpleNames"""
"Message",Low,"已完成执行任务 ""ValidateSimpleNames""。"
"Message",Low,"任务 ""McgContractsResolveFilePath"""
"Message",Low,"已完成执行任务 ""McgContractsResolveFilePath""。"
"Message",Low,"任务 ""McgFacadeResolveFilePath"""
"Message",Low,"已完成执行任务 ""McgFacadeResolveFilePath""。"
"Message",Low,"任务 ""FinalAssemblyClosureRootsResolveFilePaths"""
"Message",Low,"已完成执行任务 ""FinalAssemblyClosureRootsResolveFilePaths""。"
"Message",Low,"任务 ""FinalAssemblyClosure"""
"Message",Low,"已完成执行任务 ""FinalAssemblyClosure""。"
"Message",Low,"任务 ""RunILTransforms"""
"Message",Normal,"Running 'Analysis' transform, heap at 129 MB."
"Message",Low,"Loading 93 modules..."
"Message",Normal,"Imported reflection directives from 18 files:"
"Message",Normal,"D:\study\uwpProjects\One\One\obj\x64\Release\ilc\in\Properties\Default.rd.xml"
"Message",Normal,"System.Diagnostics.Tracing 中的嵌入清单: Resources.System.Diagnostics.Tracing.rd.xml"
"Message",Normal,"System.Private.Reflection 中的嵌入清单: System.Private.Reflection.rd.xml"
"Message",Normal,"System.Private.CoreLib 中的嵌入清单: Resources.System.Private.CoreLib.rd.xml"
"Message",Normal,"System.Private.Uri 中的嵌入清单: Resources.System.Private.Uri.rd.xml"
"Message",Normal,"System.Private.Reflection.Core 中的嵌入清单: System.Private.Reflection.Core.rd.xml"
"Message",Normal,"System.Runtime.Serialization.Primitives 中的嵌入清单: System.Runtime.Serialization.Primitives.Resources.System.Runtime.Serialization.Primitives.rd.xml"
"Message",Normal,"System.Xml.ReaderWriter 中的嵌入清单: System.Xml.Resources.System.Xml.ReaderWriter.rd.xml"
"Message",Normal,"System.Private.PortableThunks 中的嵌入清单: Resources.System.Private.PortableThunks.rd.xml"
"Message",Normal,"System.Xml.XDocument 中的嵌入清单: System.Xml.Resources.System.Xml.XDocument.rd.xml"
"Message",Normal,"System.Dynamic.Runtime 中的嵌入清单: Resources.System.Dynamic.Runtime.rd.xml"
"Message",Normal,"System.Linq.Expressions 中的嵌入清单: Resources.System.Linq.Expressions.rd.xml"
"Message",Normal,"Microsoft.CSharp 中的嵌入清单: Microsoft.CSharp.Resources.Microsoft.CSharp.rd.xml"
"Message",Normal,"System.Private.DataContractSerialization 中的嵌入清单: System.Private.DataContractSerialization.Resources.System.Private.DataContractSerialization.rd.xml"
"Message",Normal,"System.Xml.XmlSerializer 中的嵌入清单: System.Xml.XmlSerializer.Resources.System.Xml.XmlSerializer.rd.xml"
"Message",Normal,"System.Private.Interop 中的嵌入清单: Resources.System.Private.Interop.rd.xml"
"Message",Normal,"Microsoft.Toolkit.Uwp.Notifications 中的嵌入清单: Microsoft.Toolkit.Uwp.Notifications.Properties.Microsoft.Toolkit.Uwp.Notifications.rd.xml"
"Message",Normal,"Newtonsoft.Json"
"Message",Normal,"Imported XAML Roots from 1 files:"
"Message",Normal,"D:\study\uwpProjects\One\One\obj\x64\Release\ilc\in\One.xr.xml"
"Message",Normal,"Running 'Mcg' transform, heap at 226 MB."
"Message",High,"Computing application closure and generating interop code"
"Message",Normal,"  .lib 文件列表:"
"Message",Normal,"      WindowsApp.lib"
"Message",Normal,"      winsqlite3.lib"
"Message",Normal,"  .lib 搜索路径列表:"
"Message",Normal,"      C:\Program Files (x86)\Windows Kits\10\lib\10.0.15063.0\um\x64"
"Message",Normal,"  正在从库中加载导出..."
"Message",Normal,"      从“C:\Program Files (x86)\Windows Kits\10\lib\10.0.15063.0\um\x64\WindowsApp.lib”读取的 2892 个导出。"
"Message",Normal,"      从“C:\Program Files (x86)\Windows Kits\10\lib\10.0.15063.0\um\x64\winsqlite3.lib”读取的 237 个导出。"
"Message",High,"  正在加载 93 模块..."
"Message",Normal,"          P/Invoke 'RhWaitForPendingFinalizers' with [DllImport(ExactSpelling=true)] resolved to '[MRT]!RhWaitForPendingFinalizers'."
"Message",Normal,"          P/Invoke 'RhYield' with [DllImport(ExactSpelling=true)] resolved to '[MRT]!RhYield'."
"Message",Normal,"          P/Invoke 'RhCompatibleReentrantWaitAny' with [DllImport(ExactSpelling=true)] resolved to '[MRT]!RhCompatibleReentrantWaitAny'."
"Message",Normal,"          P/Invoke '_ecvt_s' with [DllImport(ExactSpelling=true)] resolved to '[MRT]!_ecvt_s'."
"Message",Normal,"          P/Invoke 'memmove' with [DllImport(ExactSpelling=true)] resolved to '[MRT]!memmove'."
"Message",Normal,"          P/Invoke 'CallingConventionConverter_GetStubs' with [DllImport(ExactSpelling=true)] resolved to '*!CallingConventionConverter_GetStubs'."
"Message",Normal,"          P/Invoke 'GetLastError' resolved to 'api-ms-win-core-errorhandling-l1-1-1.dll!GetLastError' from 'C:\Program Files (x86)\Windows Kits\10\lib\10.0.15063.0\um\x64\WindowsApp.lib'."
"Message",Normal,"          P/Invoke 'RoInitialize' resolved to 'api-ms-win-core-winrt-l1-1-0.dll!RoInitialize' from 'C:\Program Files (x86)\Windows Kits\10\lib\10.0.15063.0\um\x64\WindowsApp.lib'."
"Message",Normal,"          P/Invoke 'IsValidLocaleName' resolved to 'api-ms-win-core-localization-l1-2-1.dll!IsValidLocaleName' from 'C:\Program Files (x86)\Windows Kits\10\lib\10.0.15063.0\um\x64\WindowsApp.lib'."
"Message",Normal,"          P/Invoke 'ResolveLocaleName' resolved to 'api-ms-win-core-localization-l1-2-1.dll!ResolveLocaleName' from 'C:\Program Files (x86)\Windows Kits\10\lib\10.0.15063.0\um\x64\WindowsApp.lib'."
"Message",Normal,"          P/Invoke 'GetCPInfoExW' resolved to 'api-ms-win-core-localization-l1-2-1.dll!GetCPInfoExW' from 'C:\Program Files (x86)\Windows Kits\10\lib\10.0.15063.0\um\x64\WindowsApp.lib'."
"Message",Normal,"          P/Invoke 'CoCreateInstance' with [DllImport(ExactSpelling=true)] resolved to 'api-ms-win-core-com-l1-1-0.dll!CoCreateInstance'."
"Message",Normal,"          P/Invoke '#6' resolved to 'oleaut32.dll!#6' from 'C:\Program Files (x86)\Windows Kits\10\lib\10.0.15063.0\um\x64\WindowsApp.lib'."
"Message",Normal,"          P/Invoke 'RtlIpv6AddressToStringExW' resolved to 'ntdll.dll!RtlIpv6AddressToStringExW' from 'C:\Program Files (x86)\Windows Kits\10\lib\10.0.15063.0\um\x64\WindowsApp.lib'."
"Message",Normal,"          P/Invoke 'RtlIpv4AddressToStringExW' resolved to 'ntdll.dll!RtlIpv4AddressToStringExW' from 'C:\Program Files (x86)\Windows Kits\10\lib\10.0.15063.0\um\x64\WindowsApp.lib'."
"Message",Normal,"          P/Invoke 'FormatMessageW' resolved to 'api-ms-win-core-localization-l1-2-1.dll!FormatMessageW' from 'C:\Program Files (x86)\Windows Kits\10\lib\10.0.15063.0\um\x64\WindowsApp.lib'."
"Message",Normal,"          P/Invoke 'RoGetBufferMarshaler' resolved to 'api-ms-win-core-winrt-robuffer-l1-1-0.dll!RoGetBufferMarshaler' from 'C:\Program Files (x86)\Windows Kits\10\lib\10.0.15063.0\um\x64\WindowsApp.lib'."
"Message",High,"  正在生成代码..."
"Message",High,"  生成的互操作代码。"
"Message",Normal,"  将代码写入到 AssemblyInfo.g.cs"
"Message",Normal,"  将代码写入到 Adapters.g.cs"
"Message",Normal,"  将代码写入到 Data.g.cs"
"Message",Normal,"  将代码写入到 Helpers.g.cs"
"Message",Normal,"  将代码写入到 ImplTypes.g.cs"
"Message",Normal,"  将代码写入到 PInvoke.g.cs"
"Message",Normal,"  将代码写入到 SafeTypes.g.cs"
"Message",Normal,"  将代码写入到 SharedStubs.g.cs"
"Message",Normal,"Running 'GenerateCodeAndCompile' transform, heap at 245 MB."
"Message",High,"Generating serialization code"
"Message",High,"Compiling interop code"
"Message",Normal,"Compiling generated source code: C:\Users\maozw\.nuget\packages\microsoft.net.native.compiler\1.7.0\tools\x64\ilc\csc\csc.exe /noconfig @""D:\study\uwpProjects\One\One\obj\x64\Release\ilc\intermediate\One.McgInterop.rsp"""
"Message",Normal,"在多个文件夹中找到程序集“Microsoft.Toolkit.Uwp.Notifications.dll”。"
"Message",Normal,"file:///D:/study/uwpProjects/One/One/obj/x64/Release/ilc/intermediate/PreMergeILTransformed/Microsoft.Toolkit.Uwp.Notifications.dll"
"Message",Normal,"D:\study\uwpProjects\One\One\obj\x64\Release\ilc\in\Microsoft.Toolkit.Uwp.Notifications.dll"
"Message",Normal,"在多个文件夹中找到程序集“Newtonsoft.Json.dll”。"
"Message",Normal,"file:///D:/study/uwpProjects/One/One/obj/x64/Release/ilc/intermediate/PreMergeILTransformed/Newtonsoft.Json.dll"
"Message",Normal,"D:\study\uwpProjects\One\One\obj\x64\Release\ilc\in\Newtonsoft.Json.dll"
"Message",Normal,"在多个程序集中找到类型“System.Net.Sockets.IPAddressExtensions”。"
"Message",Normal,"file:///D:/study/uwpProjects/One/One/obj/x64/Release/ilc/in/System.Net.NameResolution.dll"
"Message",Normal,"file:///D:/study/uwpProjects/One/One/obj/x64/Release/ilc/in/System.Net.Sockets.dll"
"Message",Normal,"在多个文件夹中找到程序集“System.Runtime.WindowsRuntime.dll”。"
"Message",Normal,"file:///D:/study/uwpProjects/One/One/obj/x64/Release/ilc/intermediate/TransformedSRWR/System.Runtime.WindowsRuntime.dll"
"Message",Normal,"D:\study\uwpProjects\One\One\obj\x64\Release\ilc\in\System.Runtime.WindowsRuntime.dll"
"Message",Normal,"在多个文件夹中找到程序集“One.exe”。"
"Message",Normal,"file:///D:/study/uwpProjects/One/One/obj/x64/Release/ilc/intermediate/PreMergeILTransformed/One.exe"
"Message",Normal,"D:\study\uwpProjects\One\One\obj\x64\Release\ilc\in\One.exe"
"Message",Normal,"在多个文件夹中找到程序集“ColorTranslations.dll”。"
"Message",Normal,"file:///D:/study/uwpProjects/One/One/obj/x64/Release/ilc/in/ColorTranslations.dll"
"Message",Normal,"D:\study\uwpProjects\One\One\obj\x64\Release\ilc\in\ColorTranslations.dll"
"Message",Normal,"在多个文件夹中找到程序集“Microsoft.CSharp.dll”。"
"Message",Normal,"file:///D:/study/uwpProjects/One/One/obj/x64/Release/ilc/in/Microsoft.CSharp.dll"
"Message",Normal,"D:\study\uwpProjects\One\One\obj\x64\Release\ilc\in\Microsoft.CSharp.dll"
"Message",Normal,"在多个文件夹中找到程序集“Microsoft.Toolkit.Uwp.Notifications.dll”。"
"Message",Normal,"file:///D:/study/uwpProjects/One/One/obj/x64/Release/ilc/intermediate/PreMergeILTransformed/Microsoft.Toolkit.Uwp.Notifications.dll"
"Message",Normal,"D:\study\uwpProjects\One\One\obj\x64\Release\ilc\in\Microsoft.Toolkit.Uwp.Notifications.dll"
"Message",Normal,"在多个文件夹中找到程序集“Microsoft.VisualBasic.dll”。"
"Message",Normal,"file:///D:/study/uwpProjects/One/One/obj/x64/Release/ilc/in/Microsoft.VisualBasic.dll"
"Message",Normal,"D:\study\uwpProjects\One\One\obj\x64\Release\ilc\in\Microsoft.VisualBasic.dll"
"Message",Normal,"在多个文件夹中找到程序集“Microsoft.Win32.Primitives.dll”。"
"Message",Normal,"file:///D:/study/uwpProjects/One/One/obj/x64/Release/ilc/in/Microsoft.Win32.Primitives.dll"
"Message",Normal,"D:\study\uwpProjects\One\One\obj\x64\Release\ilc\in\Microsoft.Win32.Primitives.dll"
"Message",Normal,"在多个文件夹中找到程序集“mscorlib.dll”。"
"Message",Normal,"file:///D:/study/uwpProjects/One/One/obj/x64/Release/ilc/in/mscorlib.dll"
"Message",Normal,"D:\study\uwpProjects\One\One\obj\x64\Release\ilc\in\mscorlib.dll"
"Message",Normal,"在多个文件夹中找到程序集“Newtonsoft.Json.dll”。"
"Message",Normal,"file:///D:/study/uwpProjects/One/One/obj/x64/Release/ilc/intermediate/PreMergeILTransformed/Newtonsoft.Json.dll"
"Message",Normal,"D:\study\uwpProjects\One\One\obj\x64\Release\ilc\in\Newtonsoft.Json.dll"
"Message",Normal,"在多个文件夹中找到程序集“System.AppContext.dll”。"
"Message",Normal,"file:///D:/study/uwpProjects/One/One/obj/x64/Release/ilc/in/System.AppContext.dll"
"Message",Normal,"D:\study\uwpProjects\One\One\obj\x64\Release\ilc\in\System.AppContext.dll"
"Message",Normal,"在多个文件夹中找到程序集“System.Buffers.dll”。"
"Message",Normal,"file:///D:/study/uwpProjects/One/One/obj/x64/Release/ilc/in/System.Buffers.dll"
"Message",Normal,"D:\study\uwpProjects\One\One\obj\x64\Release\ilc\in\System.Buffers.dll"
"Message",Normal,"在多个文件夹中找到程序集“System.Collections.Concurrent.dll”。"
"Message",Normal,"file:///D:/study/uwpProjects/One/One/obj/x64/Release/ilc/in/System.Collections.Concurrent.dll"
"Message",Normal,"D:\study\uwpProjects\One\One\obj\x64\Release\ilc\in\System.Collections.Concurrent.dll"
"Message",Normal,"在多个文件夹中找到程序集“System.Collections.dll”。"
"Message",Normal,"file:///D:/study/uwpProjects/One/One/obj/x64/Release/ilc/in/System.Collections.dll"
"Message",Normal,"D:\study\uwpProjects\One\One\obj\x64\Release\ilc\in\System.Collections.dll"
"Message",Normal,"在多个文件夹中找到程序集“System.Collections.Immutable.dll”。"
"Message",Normal,"file:///D:/study/uwpProjects/One/One/obj/x64/Release/ilc/in/System.Collections.Immutable.dll"
"Message",Normal,"D:\study\uwpProjects\One\One\obj\x64\Release\ilc\in\System.Collections.Immutable.dll"
"Message",Normal,"在多个文件夹中找到程序集“System.Collections.NonGeneric.dll”。"
"Message",Normal,"file:///D:/study/uwpProjects/One/One/obj/x64/Release/ilc/in/System.Collections.NonGeneric.dll"
"Message",Normal,"D:\study\uwpProjects\One\One\obj\x64\Release\ilc\in\System.Collections.NonGeneric.dll"
"Message",Normal,"在多个文件夹中找到程序集“System.Collections.Specialized.dll”。"
"Message",Normal,"file:///D:/study/uwpProjects/One/One/obj/x64/Release/ilc/in/System.Collections.Specialized.dll"
"Message",Normal,"D:\study\uwpProjects\One\One\obj\x64\Release\ilc\in\System.Collections.Specialized.dll"
"Message",Normal,"在多个文件夹中找到程序集“System.ComponentModel.Annotations.dll”。"
"Message",Normal,"file:///D:/study/uwpProjects/One/One/obj/x64/Release/ilc/in/System.ComponentModel.Annotations.dll"
"Message",Normal,"D:\study\uwpProjects\One\One\obj\x64\Release\ilc\in\System.ComponentModel.Annotations.dll"
"Message",Normal,"在多个文件夹中找到程序集“System.ComponentModel.DataAnnotations.dll”。"
"Message",Normal,"file:///D:/study/uwpProjects/One/One/obj/x64/Release/ilc/in/System.ComponentModel.DataAnnotations.dll"
"Message",Normal,"D:\study\uwpProjects\One\One\obj\x64\Release\ilc\in\System.ComponentModel.DataAnnotations.dll"
"Message",Normal,"在多个文件夹中找到程序集“System.ComponentModel.dll”。"
"Message",Normal,"file:///D:/study/uwpProjects/One/One/obj/x64/Release/ilc/in/System.ComponentModel.dll"
"Message",Normal,"D:\study\uwpProjects\One\One\obj\x64\Release\ilc\in\System.ComponentModel.dll"
"Message",Normal,"在多个文件夹中找到程序集“System.ComponentModel.EventBasedAsync.dll”。"
"Message",Normal,"file:///D:/study/uwpProjects/One/One/obj/x64/Release/ilc/in/System.ComponentModel.EventBasedAsync.dll"
"Message",Normal,"D:\study\uwpProjects\One\One\obj\x64\Release\ilc\in\System.ComponentModel.EventBasedAsync.dll"
"Message",Normal,"在多个文件夹中找到程序集“System.ComponentModel.Primitives.dll”。"
"Message",Normal,"file:///D:/study/uwpProjects/One/One/obj/x64/Release/ilc/in/System.ComponentModel.Primitives.dll"
"Message",Normal,"D:\study\uwpProjects\One\One\obj\x64\Release\ilc\in\System.ComponentModel.Primitives.dll"
"Message",Normal,"在多个文件夹中找到程序集“System.ComponentModel.TypeConverter.dll”。"
"Message",Normal,"file:///D:/study/uwpProjects/One/One/obj/x64/Release/ilc/in/System.ComponentModel.TypeConverter.dll"
"Message",Normal,"D:\study\uwpProjects\One\One\obj\x64\Release\ilc\in\System.ComponentModel.TypeConverter.dll"
"Message",Normal,"在多个文件夹中找到程序集“System.Console.dll”。"
"Message",Normal,"file:///D:/study/uwpProjects/One/One/obj/x64/Release/ilc/in/System.Console.dll"
"Message",Normal,"D:\study\uwpProjects\One\One\obj\x64\Release\ilc\in\System.Console.dll"
"Message",Normal,"在多个文件夹中找到程序集“System.Core.dll”。"
"Message",Normal,"file:///D:/study/uwpProjects/One/One/obj/x64/Release/ilc/in/System.Core.dll"
"Message",Normal,"D:\study\uwpProjects\One\One\obj\x64\Release\ilc\in\System.Core.dll"
"Message",Normal,"在多个文件夹中找到程序集“System.Data.Common.dll”。"
"Message",Normal,"file:///D:/study/uwpProjects/One/One/obj/x64/Release/ilc/in/System.Data.Common.dll"
"Message",Normal,"D:\study\uwpProjects\One\One\obj\x64\Release\ilc\in\System.Data.Common.dll"
"Message",Normal,"在多个文件夹中找到程序集“System.Diagnostics.Contracts.dll”。"
"Message",Normal,"file:///D:/study/uwpProjects/One/One/obj/x64/Release/ilc/in/System.Diagnostics.Contracts.dll"
"Message",Normal,"D:\study\uwpProjects\One\One\obj\x64\Release\ilc\in\System.Diagnostics.Contracts.dll"
"Message",Normal,"在多个文件夹中找到程序集“System.Diagnostics.Debug.dll”。"
"Message",Normal,"file:///D:/study/uwpProjects/One/One/obj/x64/Release/ilc/in/System.Diagnostics.Debug.dll"
"Message",Normal,"D:\study\uwpProjects\One\One\obj\x64\Release\ilc\in\System.Diagnostics.Debug.dll"
"Message",Normal,"在多个文件夹中找到程序集“System.Diagnostics.DiagnosticSource.dll”。"
"Message",Normal,"file:///D:/study/uwpProjects/One/One/obj/x64/Release/ilc/in/System.Diagnostics.DiagnosticSource.dll"
"Message",Normal,"D:\study\uwpProjects\One\One\obj\x64\Release\ilc\in\System.Diagnostics.DiagnosticSource.dll"
"Message",Normal,"在多个文件夹中找到程序集“System.Diagnostics.StackTrace.dll”。"
"Message",Normal,"file:///D:/study/uwpProjects/One/One/obj/x64/Release/ilc/in/System.Diagnostics.StackTrace.dll"
"Message",Normal,"D:\study\uwpProjects\One\One\obj\x64\Release\ilc\in\System.Diagnostics.StackTrace.dll"
"Message",Normal,"在多个文件夹中找到程序集“System.Diagnostics.Tools.dll”。"
"Message",Normal,"file:///D:/study/uwpProjects/One/One/obj/x64/Release/ilc/in/System.Diagnostics.Tools.dll"
"Message",Normal,"D:\study\uwpProjects\One\One\obj\x64\Release\ilc\in\System.Diagnostics.Tools.dll"
"Message",Normal,"在多个文件夹中找到程序集“System.Diagnostics.Tracing.dll”。"
"Message",Normal,"file:///D:/study/uwpProjects/One/One/obj/x64/Release/ilc/in/System.Diagnostics.Tracing.dll"
"Message",Normal,"D:\study\uwpProjects\One\One\obj\x64\Release\ilc\in\System.Diagnostics.Tracing.dll"
"Message",Normal,"在多个文件夹中找到程序集“System.dll”。"
"Message",Normal,"file:///D:/study/uwpProjects/One/One/obj/x64/Release/ilc/in/System.dll"
"Message",Normal,"D:\study\uwpProjects\One\One\obj\x64\Release\ilc\in\System.dll"
"Message",Normal,"在多个文件夹中找到程序集“System.Dynamic.Runtime.dll”。"
"Message",Normal,"file:///D:/study/uwpProjects/One/One/obj/x64/Release/ilc/in/System.Dynamic.Runtime.dll"
"Message",Normal,"D:\study\uwpProjects\One\One\obj\x64\Release\ilc\in\System.Dynamic.Runtime.dll"
"Message",Normal,"在多个文件夹中找到程序集“System.Globalization.Calendars.dll”。"
"Message",Normal,"file:///D:/study/uwpProjects/One/One/obj/x64/Release/ilc/in/System.Globalization.Calendars.dll"
"Message",Normal,"D:\study\uwpProjects\One\One\obj\x64\Release\ilc\in\System.Globalization.Calendars.dll"
"Message",Normal,"在多个文件夹中找到程序集“System.Globalization.dll”。"
"Message",Normal,"file:///D:/study/uwpProjects/One/One/obj/x64/Release/ilc/in/System.Globalization.dll"
"Message",Normal,"D:\study\uwpProjects\One\One\obj\x64\Release\ilc\in\System.Globalization.dll"
"Message",Normal,"在多个文件夹中找到程序集“System.Globalization.Extensions.dll”。"
"Message",Normal,"file:///D:/study/uwpProjects/One/One/obj/x64/Release/ilc/in/System.Globalization.Extensions.dll"
"Message",Normal,"D:\study\uwpProjects\One\One\obj\x64\Release\ilc\in\System.Globalization.Extensions.dll"
"Message",Normal,"在多个文件夹中找到程序集“System.IO.Compression.dll”。"
"Message",Normal,"file:///D:/study/uwpProjects/One/One/obj/x64/Release/ilc/in/System.IO.Compression.dll"
"Message",Normal,"D:\study\uwpProjects\One\One\obj\x64\Release\ilc\in\System.IO.Compression.dll"
"Message",Normal,"在多个文件夹中找到程序集“System.IO.Compression.ZipFile.dll”。"
"Message",Normal,"file:///D:/study/uwpProjects/One/One/obj/x64/Release/ilc/in/System.IO.Compression.ZipFile.dll"
"Message",Normal,"D:\study\uwpProjects\One\One\obj\x64\Release\ilc\in\System.IO.Compression.ZipFile.dll"
"Message",Normal,"在多个文件夹中找到程序集“System.IO.dll”。"
"Message",Normal,"file:///D:/study/uwpProjects/One/One/obj/x64/Release/ilc/in/System.IO.dll"
"Message",Normal,"D:\study\uwpProjects\One\One\obj\x64\Release\ilc\in\System.IO.dll"
"Message",Normal,"在多个文件夹中找到程序集“System.IO.FileSystem.dll”。"
"Message",Normal,"file:///D:/study/uwpProjects/One/One/obj/x64/Release/ilc/in/System.IO.FileSystem.dll"
"Message",Normal,"D:\study\uwpProjects\One\One\obj\x64\Release\ilc\in\System.IO.FileSystem.dll"
"Message",Normal,"在多个文件夹中找到程序集“System.IO.FileSystem.Primitives.dll”。"
"Message",Normal,"file:///D:/study/uwpProjects/One/One/obj/x64/Release/ilc/in/System.IO.FileSystem.Primitives.dll"
"Message",Normal,"D:\study\uwpProjects\One\One\obj\x64\Release\ilc\in\System.IO.FileSystem.Primitives.dll"
"Message",Normal,"在多个文件夹中找到程序集“System.IO.IsolatedStorage.dll”。"
"Message",Normal,"file:///D:/study/uwpProjects/One/One/obj/x64/Release/ilc/in/System.IO.IsolatedStorage.dll"
"Message",Normal,"D:\study\uwpProjects\One\One\obj\x64\Release\ilc\in\System.IO.IsolatedStorage.dll"
"Message",Normal,"在多个文件夹中找到程序集“System.IO.UnmanagedMemoryStream.dll”。"
"Message",Normal,"file:///D:/study/uwpProjects/One/One/obj/x64/Release/ilc/in/System.IO.UnmanagedMemoryStream.dll"
"Message",Normal,"D:\study\uwpProjects\One\One\obj\x64\Release\ilc\in\System.IO.UnmanagedMemoryStream.dll"
"Message",Normal,"在多个文件夹中找到程序集“System.Linq.dll”。"
"Message",Normal,"file:///D:/study/uwpProjects/One/One/obj/x64/Release/ilc/in/System.Linq.dll"
"Message",Normal,"D:\study\uwpProjects\One\One\obj\x64\Release\ilc\in\System.Linq.dll"
"Message",Normal,"在多个文件夹中找到程序集“System.Linq.Expressions.dll”。"
"Message",Normal,"file:///D:/study/uwpProjects/One/One/obj/x64/Release/ilc/in/System.Linq.Expressions.dll"
"Message",Normal,"D:\study\uwpProjects\One\One\obj\x64\Release\ilc\in\System.Linq.Expressions.dll"
"Message",Normal,"在多个文件夹中找到程序集“System.Linq.Parallel.dll”。"
"Message",Normal,"file:///D:/study/uwpProjects/One/One/obj/x64/Release/ilc/in/System.Linq.Parallel.dll"
"Message",Normal,"D:\study\uwpProjects\One\One\obj\x64\Release\ilc\in\System.Linq.Parallel.dll"
"Message",Normal,"在多个文件夹中找到程序集“System.Linq.Queryable.dll”。"
"Message",Normal,"file:///D:/study/uwpProjects/One/One/obj/x64/Release/ilc/in/System.Linq.Queryable.dll"
"Message",Normal,"D:\study\uwpProjects\One\One\obj\x64\Release\ilc\in\System.Linq.Queryable.dll"
"Message",Normal,"在多个文件夹中找到程序集“System.Net.dll”。"
"Message",Normal,"file:///D:/study/uwpProjects/One/One/obj/x64/Release/ilc/in/System.Net.dll"
"Message",Normal,"D:\study\uwpProjects\One\One\obj\x64\Release\ilc\in\System.Net.dll"
"Message",Normal,"在多个文件夹中找到程序集“System.Net.Http.dll”。"
"Message",Normal,"file:///D:/study/uwpProjects/One/One/obj/x64/Release/ilc/in/System.Net.Http.dll"
"Message",Normal,"D:\study\uwpProjects\One\One\obj\x64\Release\ilc\in\System.Net.Http.dll"
"Message",Normal,"在多个文件夹中找到程序集“System.Net.Http.Rtc.dll”。"
"Message",Normal,"file:///D:/study/uwpProjects/One/One/obj/x64/Release/ilc/in/System.Net.Http.Rtc.dll"
"Message",Normal,"D:\study\uwpProjects\One\One\obj\x64\Release\ilc\in\System.Net.Http.Rtc.dll"
"Message",Normal,"在多个文件夹中找到程序集“System.Net.NameResolution.dll”。"
"Message",Normal,"file:///D:/study/uwpProjects/One/One/obj/x64/Release/ilc/in/System.Net.NameResolution.dll"
"Message",Normal,"D:\study\uwpProjects\One\One\obj\x64\Release\ilc\in\System.Net.NameResolution.dll"
"Message",Normal,"在多个文件夹中找到程序集“System.Net.NetworkInformation.dll”。"
"Message",Normal,"file:///D:/study/uwpProjects/One/One/obj/x64/Release/ilc/in/System.Net.NetworkInformation.dll"
"Message",Normal,"D:\study\uwpProjects\One\One\obj\x64\Release\ilc\in\System.Net.NetworkInformation.dll"
"Message",Normal,"在多个文件夹中找到程序集“System.Net.Primitives.dll”。"
"Message",Normal,"file:///D:/study/uwpProjects/One/One/obj/x64/Release/ilc/in/System.Net.Primitives.dll"
"Message",Normal,"D:\study\uwpProjects\One\One\obj\x64\Release\ilc\in\System.Net.Primitives.dll"
"Message",Normal,"在多个文件夹中找到程序集“System.Net.Requests.dll”。"
"Message",Normal,"file:///D:/study/uwpProjects/One/One/obj/x64/Release/ilc/in/System.Net.Requests.dll"
"Message",Normal,"D:\study\uwpProjects\One\One\obj\x64\Release\ilc\in\System.Net.Requests.dll"
"Message",Normal,"在多个文件夹中找到程序集“System.Net.Sockets.dll”。"
"Message",Normal,"file:///D:/study/uwpProjects/One/One/obj/x64/Release/ilc/in/System.Net.Sockets.dll"
"Message",Normal,"D:\study\uwpProjects\One\One\obj\x64\Release\ilc\in\System.Net.Sockets.dll"
"Message",Normal,"在多个文件夹中找到程序集“System.Net.WebHeaderCollection.dll”。"
"Message",Normal,"file:///D:/study/uwpProjects/One/One/obj/x64/Release/ilc/in/System.Net.WebHeaderCollection.dll"
"Message",Normal,"D:\study\uwpProjects\One\One\obj\x64\Release\ilc\in\System.Net.WebHeaderCollection.dll"
"Message",Normal,"在多个文件夹中找到程序集“System.Net.WebSockets.Client.dll”。"
"Message",Normal,"file:///D:/study/uwpProjects/One/One/obj/x64/Release/ilc/in/System.Net.WebSockets.Client.dll"
"Message",Normal,"D:\study\uwpProjects\One\One\obj\x64\Release\ilc\in\System.Net.WebSockets.Client.dll"
"Message",Normal,"在多个文件夹中找到程序集“System.Net.WebSockets.dll”。"
"Message",Normal,"file:///D:/study/uwpProjects/One/One/obj/x64/Release/ilc/in/System.Net.WebSockets.dll"
"Message",Normal,"D:\study\uwpProjects\One\One\obj\x64\Release\ilc\in\System.Net.WebSockets.dll"
"Message",Normal,"在多个文件夹中找到程序集“System.Numerics.dll”。"
"Message",Normal,"file:///D:/study/uwpProjects/One/One/obj/x64/Release/ilc/in/System.Numerics.dll"
"Message",Normal,"D:\study\uwpProjects\One\One\obj\x64\Release\ilc\in\System.Numerics.dll"
"Message",Normal,"在多个文件夹中找到程序集“System.Numerics.Vectors.dll”。"
"Message",Normal,"file:///D:/study/uwpProjects/One/One/obj/x64/Release/ilc/in/System.Numerics.Vectors.dll"
"Message",Normal,"D:\study\uwpProjects\One\One\obj\x64\Release\ilc\in\System.Numerics.Vectors.dll"
"Message",Normal,"在多个文件夹中找到程序集“System.Numerics.Vectors.WindowsRuntime.dll”。"
"Message",Normal,"file:///D:/study/uwpProjects/One/One/obj/x64/Release/ilc/in/System.Numerics.Vectors.WindowsRuntime.dll"
"Message",Normal,"D:\study\uwpProjects\One\One\obj\x64\Release\ilc\in\System.Numerics.Vectors.WindowsRuntime.dll"
"Message",Normal,"在多个文件夹中找到程序集“System.ObjectModel.dll”。"
"Message",Normal,"file:///D:/study/uwpProjects/One/One/obj/x64/Release/ilc/in/System.ObjectModel.dll"
"Message",Normal,"D:\study\uwpProjects\One\One\obj\x64\Release\ilc\in\System.ObjectModel.dll"
"Message",Normal,"在多个文件夹中找到程序集“System.Private.DataContractSerialization.dll”。"
"Message",Normal,"file:///D:/study/uwpProjects/One/One/obj/x64/Release/ilc/in/System.Private.DataContractSerialization.dll"
"Message",Normal,"D:\study\uwpProjects\One\One\obj\x64\Release\ilc\in\System.Private.DataContractSerialization.dll"
"Message",Normal,"在多个文件夹中找到程序集“System.Private.ServiceModel.dll”。"
"Message",Normal,"file:///D:/study/uwpProjects/One/One/obj/x64/Release/ilc/in/System.Private.ServiceModel.dll"
"Message",Normal,"D:\study\uwpProjects\One\One\obj\x64\Release\ilc\in\System.Private.ServiceModel.dll"
"Message",Normal,"在多个文件夹中找到程序集“System.Private.Uri.dll”。"
"Message",Normal,"file:///D:/study/uwpProjects/One/One/obj/x64/Release/ilc/in/System.Private.Uri.dll"
"Message",Normal,"D:\study\uwpProjects\One\One\obj\x64\Release\ilc\in\System.Private.Uri.dll"
"Message",Normal,"在多个文件夹中找到程序集“System.Reflection.Context.dll”。"
"Message",Normal,"file:///D:/study/uwpProjects/One/One/obj/x64/Release/ilc/in/System.Reflection.Context.dll"
"Message",Normal,"D:\study\uwpProjects\One\One\obj\x64\Release\ilc\in\System.Reflection.Context.dll"
"Message",Normal,"在多个文件夹中找到程序集“System.Reflection.DispatchProxy.dll”。"
"Message",Normal,"file:///D:/study/uwpProjects/One/One/obj/x64/Release/ilc/in/System.Reflection.DispatchProxy.dll"
"Message",Normal,"D:\study\uwpProjects\One\One\obj\x64\Release\ilc\in\System.Reflection.DispatchProxy.dll"
"Message",Normal,"在多个文件夹中找到程序集“System.Reflection.dll”。"
"Message",Normal,"file:///D:/study/uwpProjects/One/One/obj/x64/Release/ilc/in/System.Reflection.dll"
"Message",Normal,"D:\study\uwpProjects\One\One\obj\x64\Release\ilc\in\System.Reflection.dll"
"Message",Normal,"在多个文件夹中找到程序集“System.Reflection.Emit.dll”。"
"Message",Normal,"file:///D:/study/uwpProjects/One/One/obj/x64/Release/ilc/in/System.Reflection.Emit.dll"
"Message",Normal,"D:\study\uwpProjects\One\One\obj\x64\Release\ilc\in\System.Reflection.Emit.dll"
"Message",Normal,"在多个文件夹中找到程序集“System.Reflection.Extensions.dll”。"
"Message",Normal,"file:///D:/study/uwpProjects/One/One/obj/x64/Release/ilc/in/System.Reflection.Extensions.dll"
"Message",Normal,"D:\study\uwpProjects\One\One\obj\x64\Release\ilc\in\System.Reflection.Extensions.dll"
"Message",Normal,"在多个文件夹中找到程序集“System.Reflection.Metadata.dll”。"
"Message",Normal,"file:///D:/study/uwpProjects/One/One/obj/x64/Release/ilc/in/System.Reflection.Metadata.dll"
"Message",Normal,"D:\study\uwpProjects\One\One\obj\x64\Release\ilc\in\System.Reflection.Metadata.dll"
"Message",Normal,"在多个文件夹中找到程序集“System.Reflection.Primitives.dll”。"
"Message",Normal,"file:///D:/study/uwpProjects/One/One/obj/x64/Release/ilc/in/System.Reflection.Primitives.dll"
"Message",Normal,"D:\study\uwpProjects\One\One\obj\x64\Release\ilc\in\System.Reflection.Primitives.dll"
"Message",Normal,"在多个文件夹中找到程序集“System.Reflection.TypeExtensions.dll”。"
"Message",Normal,"file:///D:/study/uwpProjects/One/One/obj/x64/Release/ilc/in/System.Reflection.TypeExtensions.dll"
"Message",Normal,"D:\study\uwpProjects\One\One\obj\x64\Release\ilc\in\System.Reflection.TypeExtensions.dll"
"Message",Normal,"在多个文件夹中找到程序集“System.Resources.ResourceManager.dll”。"
"Message",Normal,"file:///D:/study/uwpProjects/One/One/obj/x64/Release/ilc/in/System.Resources.ResourceManager.dll"
"Message",Normal,"D:\study\uwpProjects\One\One\obj\x64\Release\ilc\in\System.Resources.ResourceManager.dll"
"Message",Normal,"在多个文件夹中找到程序集“System.Runtime.dll”。"
"Message",Normal,"file:///D:/study/uwpProjects/One/One/obj/x64/Release/ilc/in/System.Runtime.dll"
"Message",Normal,"D:\study\uwpProjects\One\One\obj\x64\Release\ilc\in\System.Runtime.dll"
"Message",Normal,"在多个文件夹中找到程序集“System.Runtime.Extensions.dll”。"
"Message",Normal,"file:///D:/study/uwpProjects/One/One/obj/x64/Release/ilc/in/System.Runtime.Extensions.dll"
"Message",Normal,"D:\study\uwpProjects\One\One\obj\x64\Release\ilc\in\System.Runtime.Extensions.dll"
"Message",Normal,"在多个文件夹中找到程序集“System.Runtime.Handles.dll”。"
"Message",Normal,"file:///D:/study/uwpProjects/One/One/obj/x64/Release/ilc/in/System.Runtime.Handles.dll"
"Message",Normal,"D:\study\uwpProjects\One\One\obj\x64\Release\ilc\in\System.Runtime.Handles.dll"
"Message",Normal,"在多个文件夹中找到程序集“System.Runtime.InteropServices.dll”。"
"Message",Normal,"file:///D:/study/uwpProjects/One/One/obj/x64/Release/ilc/in/System.Runtime.InteropServices.dll"
"Message",Normal,"D:\study\uwpProjects\One\One\obj\x64\Release\ilc\in\System.Runtime.InteropServices.dll"
"Message",Normal,"在多个文件夹中找到程序集“System.Runtime.InteropServices.RuntimeInformation.dll”。"
"Message",Normal,"file:///D:/study/uwpProjects/One/One/obj/x64/Release/ilc/in/System.Runtime.InteropServices.RuntimeInformation.dll"
"Message",Normal,"D:\study\uwpProjects\One\One\obj\x64\Release\ilc\in\System.Runtime.InteropServices.RuntimeInformation.dll"
"Message",Normal,"在多个文件夹中找到程序集“System.Runtime.InteropServices.WindowsRuntime.dll”。"
"Message",Normal,"file:///D:/study/uwpProjects/One/One/obj/x64/Release/ilc/in/System.Runtime.InteropServices.WindowsRuntime.dll"
"Message",Normal,"D:\study\uwpProjects\One\One\obj\x64\Release\ilc\in\System.Runtime.InteropServices.WindowsRuntime.dll"
"Message",Normal,"在多个文件夹中找到程序集“System.Runtime.Numerics.dll”。"
"Message",Normal,"file:///D:/study/uwpProjects/One/One/obj/x64/Release/ilc/in/System.Runtime.Numerics.dll"
"Message",Normal,"D:\study\uwpProjects\One\One\obj\x64\Release\ilc\in\System.Runtime.Numerics.dll"
"Message",Normal,"在多个文件夹中找到程序集“System.Runtime.Serialization.dll”。"
"Message",Normal,"file:///D:/study/uwpProjects/One/One/obj/x64/Release/ilc/in/System.Runtime.Serialization.dll"
"Message",Normal,"D:\study\uwpProjects\One\One\obj\x64\Release\ilc\in\System.Runtime.Serialization.dll"
"Message",Normal,"在多个文件夹中找到程序集“System.Runtime.Serialization.Formatters.dll”。"
"Message",Normal,"file:///D:/study/uwpProjects/One/One/obj/x64/Release/ilc/in/System.Runtime.Serialization.Formatters.dll"
"Message",Normal,"D:\study\uwpProjects\One\One\obj\x64\Release\ilc\in\System.Runtime.Serialization.Formatters.dll"
"Message",Normal,"在多个文件夹中找到程序集“System.Runtime.Serialization.Json.dll”。"
"Message",Normal,"file:///D:/study/uwpProjects/One/One/obj/x64/Release/ilc/in/System.Runtime.Serialization.Json.dll"
"Message",Normal,"D:\study\uwpProjects\One\One\obj\x64\Release\ilc\in\System.Runtime.Serialization.Json.dll"
"Message",Normal,"在多个文件夹中找到程序集“System.Runtime.Serialization.Primitives.dll”。"
"Message",Normal,"file:///D:/study/uwpProjects/One/One/obj/x64/Release/ilc/in/System.Runtime.Serialization.Primitives.dll"
"Message",Normal,"D:\study\uwpProjects\One\One\obj\x64\Release\ilc\in\System.Runtime.Serialization.Primitives.dll"
"Message",Normal,"在多个文件夹中找到程序集“System.Runtime.Serialization.Xml.dll”。"
"Message",Normal,"file:///D:/study/uwpProjects/One/One/obj/x64/Release/ilc/in/System.Runtime.Serialization.Xml.dll"
"Message",Normal,"D:\study\uwpProjects\One\One\obj\x64\Release\ilc\in\System.Runtime.Serialization.Xml.dll"
"Message",Normal,"在多个文件夹中找到程序集“System.Runtime.WindowsRuntime.dll”。"
"Message",Normal,"file:///D:/study/uwpProjects/One/One/obj/x64/Release/ilc/intermediate/TransformedSRWR/System.Runtime.WindowsRuntime.dll"
"Message",Normal,"D:\study\uwpProjects\One\One\obj\x64\Release\ilc\in\System.Runtime.WindowsRuntime.dll"
"Message",Normal,"在多个文件夹中找到程序集“System.Runtime.WindowsRuntime.UI.Xaml.dll”。"
"Message",Normal,"file:///D:/study/uwpProjects/One/One/obj/x64/Release/ilc/in/System.Runtime.WindowsRuntime.UI.Xaml.dll"
"Message",Normal,"D:\study\uwpProjects\One\One\obj\x64\Release\ilc\in\System.Runtime.WindowsRuntime.UI.Xaml.dll"
"Message",Normal,"在多个文件夹中找到程序集“System.Security.Claims.dll”。"
"Message",Normal,"file:///D:/study/uwpProjects/One/One/obj/x64/Release/ilc/in/System.Security.Claims.dll"
"Message",Normal,"D:\study\uwpProjects\One\One\obj\x64\Release\ilc\in\System.Security.Claims.dll"
"Message",Normal,"在多个文件夹中找到程序集“System.Security.Cryptography.Algorithms.dll”。"
"Message",Normal,"file:///D:/study/uwpProjects/One/One/obj/x64/Release/ilc/in/System.Security.Cryptography.Algorithms.dll"
"Message",Normal,"D:\study\uwpProjects\One\One\obj\x64\Release\ilc\in\System.Security.Cryptography.Algorithms.dll"
"Message",Normal,"在多个文件夹中找到程序集“System.Security.Cryptography.Cng.dll”。"
"Message",Normal,"file:///D:/study/uwpProjects/One/One/obj/x64/Release/ilc/in/System.Security.Cryptography.Cng.dll"
"Message",Normal,"D:\study\uwpProjects\One\One\obj\x64\Release\ilc\in\System.Security.Cryptography.Cng.dll"
"Message",Normal,"在多个文件夹中找到程序集“System.Security.Cryptography.Encoding.dll”。"
"Message",Normal,"file:///D:/study/uwpProjects/One/One/obj/x64/Release/ilc/in/System.Security.Cryptography.Encoding.dll"
"Message",Normal,"D:\study\uwpProjects\One\One\obj\x64\Release\ilc\in\System.Security.Cryptography.Encoding.dll"
"Message",Normal,"在多个文件夹中找到程序集“System.Security.Cryptography.Primitives.dll”。"
"Message",Normal,"file:///D:/study/uwpProjects/One/One/obj/x64/Release/ilc/in/System.Security.Cryptography.Primitives.dll"
"Message",Normal,"D:\study\uwpProjects\One\One\obj\x64\Release\ilc\in\System.Security.Cryptography.Primitives.dll"
"Message",Normal,"在多个文件夹中找到程序集“System.Security.Cryptography.X509Certificates.dll”。"
"Message",Normal,"file:///D:/study/uwpProjects/One/One/obj/x64/Release/ilc/in/System.Security.Cryptography.X509Certificates.dll"
"Message",Normal,"D:\study\uwpProjects\One\One\obj\x64\Release\ilc\in\System.Security.Cryptography.X509Certificates.dll"
"Message",Normal,"在多个文件夹中找到程序集“System.Security.Principal.dll”。"
"Message",Normal,"file:///D:/study/uwpProjects/One/One/obj/x64/Release/ilc/in/System.Security.Principal.dll"
"Message",Normal,"D:\study\uwpProjects\One\One\obj\x64\Release\ilc\in\System.Security.Principal.dll"
"Message",Normal,"在多个文件夹中找到程序集“System.ServiceModel.dll”。"
"Message",Normal,"file:///D:/study/uwpProjects/One/One/obj/x64/Release/ilc/in/System.ServiceModel.dll"
"Message",Normal,"D:\study\uwpProjects\One\One\obj\x64\Release\ilc\in\System.ServiceModel.dll"
"Message",Normal,"在多个文件夹中找到程序集“System.ServiceModel.Duplex.dll”。"
"Message",Normal,"file:///D:/study/uwpProjects/One/One/obj/x64/Release/ilc/in/System.ServiceModel.Duplex.dll"
"Message",Normal,"D:\study\uwpProjects\One\One\obj\x64\Release\ilc\in\System.ServiceModel.Duplex.dll"
"Message",Normal,"在多个文件夹中找到程序集“System.ServiceModel.Http.dll”。"
"Message",Normal,"file:///D:/study/uwpProjects/One/One/obj/x64/Release/ilc/in/System.ServiceModel.Http.dll"
"Message",Normal,"D:\study\uwpProjects\One\One\obj\x64\Release\ilc\in\System.ServiceModel.Http.dll"
"Message",Normal,"在多个文件夹中找到程序集“System.ServiceModel.NetTcp.dll”。"
"Message",Normal,"file:///D:/study/uwpProjects/One/One/obj/x64/Release/ilc/in/System.ServiceModel.NetTcp.dll"
"Message",Normal,"D:\study\uwpProjects\One\One\obj\x64\Release\ilc\in\System.ServiceModel.NetTcp.dll"
"Message",Normal,"在多个文件夹中找到程序集“System.ServiceModel.Primitives.dll”。"
"Message",Normal,"file:///D:/study/uwpProjects/One/One/obj/x64/Release/ilc/in/System.ServiceModel.Primitives.dll"
"Message",Normal,"D:\study\uwpProjects\One\One\obj\x64\Release\ilc\in\System.ServiceModel.Primitives.dll"
"Message",Normal,"在多个文件夹中找到程序集“System.ServiceModel.Security.dll”。"
"Message",Normal,"file:///D:/study/uwpProjects/One/One/obj/x64/Release/ilc/in/System.ServiceModel.Security.dll"
"Message",Normal,"D:\study\uwpProjects\One\One\obj\x64\Release\ilc\in\System.ServiceModel.Security.dll"
"Message",Normal,"在多个文件夹中找到程序集“System.ServiceModel.Web.dll”。"
"Message",Normal,"file:///D:/study/uwpProjects/One/One/obj/x64/Release/ilc/in/System.ServiceModel.Web.dll"
"Message",Normal,"D:\study\uwpProjects\One\One\obj\x64\Release\ilc\in\System.ServiceModel.Web.dll"
"Message",Normal,"在多个文件夹中找到程序集“System.Text.Encoding.CodePages.dll”。"
"Message",Normal,"file:///D:/study/uwpProjects/One/One/obj/x64/Release/ilc/in/System.Text.Encoding.CodePages.dll"
"Message",Normal,"D:\study\uwpProjects\One\One\obj\x64\Release\ilc\in\System.Text.Encoding.CodePages.dll"
"Message",Normal,"在多个文件夹中找到程序集“System.Text.Encoding.dll”。"
"Message",Normal,"file:///D:/study/uwpProjects/One/One/obj/x64/Release/ilc/in/System.Text.Encoding.dll"
"Message",Normal,"D:\study\uwpProjects\One\One\obj\x64\Release\ilc\in\System.Text.Encoding.dll"
"Message",Normal,"在多个文件夹中找到程序集“System.Text.Encoding.Extensions.dll”。"
"Message",Normal,"file:///D:/study/uwpProjects/One/One/obj/x64/Release/ilc/in/System.Text.Encoding.Extensions.dll"
"Message",Normal,"D:\study\uwpProjects\One\One\obj\x64\Release\ilc\in\System.Text.Encoding.Extensions.dll"
"Message",Normal,"在多个文件夹中找到程序集“System.Text.RegularExpressions.dll”。"
"Message",Normal,"file:///D:/study/uwpProjects/One/One/obj/x64/Release/ilc/in/System.Text.RegularExpressions.dll"
"Message",Normal,"D:\study\uwpProjects\One\One\obj\x64\Release\ilc\in\System.Text.RegularExpressions.dll"
"Message",Normal,"在多个文件夹中找到程序集“System.Threading.dll”。"
"Message",Normal,"file:///D:/study/uwpProjects/One/One/obj/x64/Release/ilc/in/System.Threading.dll"
"Message",Normal,"D:\study\uwpProjects\One\One\obj\x64\Release\ilc\in\System.Threading.dll"
"Message",Normal,"在多个文件夹中找到程序集“System.Threading.Overlapped.dll”。"
"Message",Normal,"file:///D:/study/uwpProjects/One/One/obj/x64/Release/ilc/in/System.Threading.Overlapped.dll"
"Message",Normal,"D:\study\uwpProjects\One\One\obj\x64\Release\ilc\in\System.Threading.Overlapped.dll"
"Message",Normal,"在多个文件夹中找到程序集“System.Threading.Tasks.Dataflow.dll”。"
"Message",Normal,"file:///D:/study/uwpProjects/One/One/obj/x64/Release/ilc/in/System.Threading.Tasks.Dataflow.dll"
"Message",Normal,"D:\study\uwpProjects\One\One\obj\x64\Release\ilc\in\System.Threading.Tasks.Dataflow.dll"
"Message",Normal,"在多个文件夹中找到程序集“System.Threading.Tasks.dll”。"
"Message",Normal,"file:///D:/study/uwpProjects/One/One/obj/x64/Release/ilc/in/System.Threading.Tasks.dll"
"Message",Normal,"D:\study\uwpProjects\One\One\obj\x64\Release\ilc\in\System.Threading.Tasks.dll"
"Message",Normal,"在多个文件夹中找到程序集“System.Threading.Tasks.Extensions.dll”。"
"Message",Normal,"file:///D:/study/uwpProjects/One/One/obj/x64/Release/ilc/in/System.Threading.Tasks.Extensions.dll"
"Message",Normal,"D:\study\uwpProjects\One\One\obj\x64\Release\ilc\in\System.Threading.Tasks.Extensions.dll"
"Message",Normal,"在多个文件夹中找到程序集“System.Threading.Tasks.Parallel.dll”。"
"Message",Normal,"file:///D:/study/uwpProjects/One/One/obj/x64/Release/ilc/in/System.Threading.Tasks.Parallel.dll"
"Message",Normal,"D:\study\uwpProjects\One\One\obj\x64\Release\ilc\in\System.Threading.Tasks.Parallel.dll"
"Message",Normal,"在多个文件夹中找到程序集“System.Threading.Timer.dll”。"
"Message",Normal,"file:///D:/study/uwpProjects/One/One/obj/x64/Release/ilc/in/System.Threading.Timer.dll"
"Message",Normal,"D:\study\uwpProjects\One\One\obj\x64\Release\ilc\in\System.Threading.Timer.dll"
"Message",Normal,"在多个文件夹中找到程序集“System.Windows.dll”。"
"Message",Normal,"file:///D:/study/uwpProjects/One/One/obj/x64/Release/ilc/in/System.Windows.dll"
"Message",Normal,"D:\study\uwpProjects\One\One\obj\x64\Release\ilc\in\System.Windows.dll"
"Message",Normal,"在多个文件夹中找到程序集“System.Xml.dll”。"
"Message",Normal,"file:///D:/study/uwpProjects/One/One/obj/x64/Release/ilc/in/System.Xml.dll"
"Message",Normal,"D:\study\uwpProjects\One\One\obj\x64\Release\ilc\in\System.Xml.dll"
"Message",Normal,"在多个文件夹中找到程序集“System.Xml.Linq.dll”。"
"Message",Normal,"file:///D:/study/uwpProjects/One/One/obj/x64/Release/ilc/in/System.Xml.Linq.dll"
"Message",Normal,"D:\study\uwpProjects\One\One\obj\x64\Release\ilc\in\System.Xml.Linq.dll"
"Message",Normal,"在多个文件夹中找到程序集“System.Xml.ReaderWriter.dll”。"
"Message",Normal,"file:///D:/study/uwpProjects/One/One/obj/x64/Release/ilc/in/System.Xml.ReaderWriter.dll"
"Message",Normal,"D:\study\uwpProjects\One\One\obj\x64\Release\ilc\in\System.Xml.ReaderWriter.dll"
"Message",Normal,"在多个文件夹中找到程序集“System.Xml.Serialization.dll”。"
"Message",Normal,"file:///D:/study/uwpProjects/One/One/obj/x64/Release/ilc/in/System.Xml.Serialization.dll"
"Message",Normal,"D:\study\uwpProjects\One\One\obj\x64\Release\ilc\in\System.Xml.Serialization.dll"
"Message",Normal,"在多个文件夹中找到程序集“System.Xml.XDocument.dll”。"
"Message",Normal,"file:///D:/study/uwpProjects/One/One/obj/x64/Release/ilc/in/System.Xml.XDocument.dll"
"Message",Normal,"D:\study\uwpProjects\One\One\obj\x64\Release\ilc\in\System.Xml.XDocument.dll"
"Message",Normal,"在多个文件夹中找到程序集“System.Xml.XmlDocument.dll”。"
"Message",Normal,"file:///D:/study/uwpProjects/One/One/obj/x64/Release/ilc/in/System.Xml.XmlDocument.dll"
"Message",Normal,"D:\study\uwpProjects\One\One\obj\x64\Release\ilc\in\System.Xml.XmlDocument.dll"
"Message",Normal,"在多个文件夹中找到程序集“System.Xml.XmlSerializer.dll”。"
"Message",Normal,"file:///D:/study/uwpProjects/One/One/obj/x64/Release/ilc/in/System.Xml.XmlSerializer.dll"
"Message",Normal,"D:\study\uwpProjects\One\One\obj\x64\Release\ilc\in\System.Xml.XmlSerializer.dll"
"Message",Normal,"在多个文件夹中找到程序集“One.exe”。"
"Message",Normal,"file:///D:/study/uwpProjects/One/One/obj/x64/Release/ilc/intermediate/PreMergeILTransformed/One.exe"
"Message",Normal,"D:\study\uwpProjects\One\One\obj\x64\Release\ilc\in\One.exe"
"Message",Normal,"在多个程序集中找到类型“System.DBNull”。"
"Message",Normal,"file:///D:/study/uwpProjects/One/One/obj/x64/Release/ilc/in/System.Data.Common.dll"
"Message",Normal,"file:///C:/Users/maozw/.nuget/packages/microsoft.net.native.compiler/1.7.0/tools/x64/ilc/lib/Private/System.Private.Reflection.Core.dll"
"Message",Normal,"在多个程序集中找到类型“System.Reflection.BindingFlags”。"
"Message",Normal,"file:///D:/study/uwpProjects/One/One/obj/x64/Release/ilc/in/System.Reflection.TypeExtensions.dll"
"Message",Normal,"file:///C:/Users/maozw/.nuget/packages/microsoft.net.native.compiler/1.7.0/tools/x64/ilc/lib/Private/System.Private.Reflection.dll"
"Message",High,"Generating System.Reflection.DispatchProxy proxy code."
"Message",Normal,"Running 'DumpNativeResources' transform, heap at 246 MB."
"Message",Normal,"Running 'ReducedCopyInitialize' transform, heap at 246 MB."
"Message",Normal,"Running 'ReducedCopyEmptyTypes' transform, heap at 190 MB."
"Message",Normal,"Running 'ReducedCopyPopulateTypes' transform, heap at 194 MB."
"Message",Normal,"Running 'ReducedCopyLateMetadata' transform, heap at 222 MB."
"Message",Normal,"Running 'ReducedCopyMethodBodies' transform, heap at 242 MB."
"Message",Normal,"Running 'ReducedCopyComplete' transform, heap at 254 MB."
"Message",Normal,"Running 'ReducedCopyCleanup' transform, heap at 265 MB."
"Message",Normal,"Running 'DeveloperExperienceModeOnlyCodeRemover' transform, heap at 265 MB."
"Message",Normal,"Running 'ComImportDetector' transform, heap at 272 MB."
"Message",Normal,"Running 'McgAccessor' transform, heap at 272 MB."
"Message",Normal,"Running 'McgRedirect' transform, heap at 274 MB."
"Message",Normal,"Running 'McgRedirect' transform, heap at 278 MB."
"Message",Normal,"Running 'McgTypeOf' transform, heap at 279 MB."
"Message",Normal,"Running 'ExceptionMiniaturizer' transform, heap at 288 MB."
"Message",Normal,"Running 'EventSource' transform, heap at 298 MB."
"Message",Normal,"Running 'ValueType' transform, heap at 299 MB."
"Message",Normal,"Running 'Attribute' transform, heap at 299 MB."
"Message",Normal,"Running 'GetType' transform, heap at 299 MB."
"Message",Normal,"Running 'McgFixups' transform, heap at 300 MB."
"Message",Normal,"Running 'ResourceManagerCtor' transform, heap at 301 MB."
"Message",Normal,"Running 'TypeofTypeHandle' transform, heap at 301 MB."
"Message",Normal,"Running 'DispatchProxyIntrinsics' transform, heap at 305 MB."
"Message",Normal,"Running 'StaticInitData' transform, heap at 305 MB."
"Message",Normal,"Running 'StartupCodeInjector' transform, heap at 320 MB."
"Message",Normal,"Running 'InjectAppContextSwitches' transform, heap at 321 MB."
"Message",Normal,"Running 'ImplementLibraryDynamicInvokeHelpers' transform, heap at 321 MB."
"Message",Normal,"Running 'Delegate' transform, heap at 321 MB."
"Message",Normal,"Running 'DelegateCtorCall' transform, heap at 329 MB."
"Message",Normal,"Running 'LazyGenerics' transform, heap at 331 MB."
"Message",Normal,"Running 'AddReflectionBlockedAttributes' transform, heap at 270 MB."
"Message",Normal,"Running 'DisableOptimization' transform, heap at 270 MB."
"Message",Normal,"Running 'CreateMetadata' transform, heap at 270 MB."
"Message",Normal,"Running 'SaveRVAStatics' transform, heap at 312 MB."
"Message",Normal,"Running 'ReflectionInvoke' transform, heap at 314 MB."
"Message",Normal,"Running 'ScrubOpenCalls' transform, heap at 316 MB."
"Message",Normal,"Running 'ConvertCatchIntoFilter' transform, heap at 316 MB."
"Message",Normal,"Running 'ReflectionMappingInfoEmit' transform, heap at 317 MB."
"Message",Normal,"Running 'ConvertManagedWinMD' transform, heap at 320 MB."
"Message",Normal,"Running 'Reducer' transform, heap at 320 MB."
"Message",High,"Cleaning up unreferenced code"
"Message",Normal,"Running 'WriteAssemblies' transform, heap at 390 MB."
"Message",Normal,""
"Message",Normal,"Transform summary"
"Message",Normal,"    ms | heap delta | name"
"Message",Normal," 13804 |         97 | Analysis"
"Message",Normal," 10793 |          1 | GenerateCodeAndCompile"
"Message",Normal,"  3340 |        -22 | WriteAssemblies"
"Message",Normal,"  2454 |         70 | Reducer"
"Message",Normal,"  2344 |         19 | Mcg"
"Message",Normal,"  1109 |        -56 | ReducedCopyInitialize"
"Message",Normal,"   859 |         42 | CreateMetadata"
"Message",Normal,"   711 |         12 | ReducedCopyMethodBodies"
"Message",Normal,"   320 |        -61 | LazyGenerics"
"Message",Normal,"   315 |         11 | ReducedCopyComplete"
"Message",Normal,"   264 |          9 | McgTypeOf"
"Message",Normal,"   249 |         28 | ReducedCopyPopulateTypes"
"Message",Normal,"   169 |         15 | StaticInitData"
"Message",Normal,"   140 |          4 | McgRedirect"
"Message",Normal,"   126 |         20 | ReducedCopyLateMetadata"
"Message",Normal,"    82 |          1 | McgRedirect"
"Message",Normal,"    74 |         10 | ExceptionMiniaturizer"
"Message",Normal,"    58 |          4 | TypeofTypeHandle"
"Message",Normal,"    57 |          8 | Delegate"
"Message",Normal,"    45 |          2 | DelegateCtorCall"
"Message",Normal,"    30 |          0 | DumpNativeResources"
"Message",Normal,"    30 |          2 | SaveRVAStatics"
"Message",Normal,"    27 |          4 | ReducedCopyEmptyTypes"
"Message",Normal,"    27 |          1 | McgFixups"
"Message",Normal,"    21 |          1 | GetType"
"Message",Normal,"    17 |          2 | McgAccessor"
"Message",Normal,"    15 |          2 | ReflectionInvoke"
"Message",Normal,"    15 |          0 | DispatchProxyIntrinsics"
"Message",Normal,"    14 |          7 | DeveloperExperienceModeOnlyCodeRemover"
"Message",Normal,"    14 |          0 | ScrubOpenCalls"
"Message",Normal,"    14 |          1 | StartupCodeInjector"
"Message",Normal,"    13 |          1 | EventSource"
"Message",Normal,"    12 |          0 | ValueType"
"Message",Normal,"    12 |          3 | ReflectionMappingInfoEmit"
"Message",Normal,"     8 |          1 | ConvertCatchIntoFilter"
"Message",Normal,"     8 |          0 | ReducedCopyCleanup"
"Message",Normal,"     7 |          0 | Attribute"
"Message",Normal,"     4 |          0 | ResourceManagerCtor"
"Message",Normal,"     1 |          0 | InjectAppContextSwitches"
"Message",Normal,"     1 |          0 | AddReflectionBlockedAttributes"
"Message",Normal,"     1 |          0 | ComImportDetector"
"Message",Normal,"     0 |          0 | ImplementLibraryDynamicInvokeHelpers"
"Message",Normal,"     0 |          0 | DisableOptimization"
"Message",Normal,"     0 |          0 | ConvertManagedWinMD"
"Message",Low,"已完成执行任务 ""RunILTransforms""。"
"Message",Low,"已完成在文件 ""ILTransforms"" 中生成目标 ""RunILTransforms""。"
"Message",Low,"已完成生成项目 ""ILTransforms""。"
"Message",Low,""
"Message",Low,""
"Message",Low,"已完成在文件 ""Nutc"" 中生成目标 ""GenerateMDIL""。"
"Message",Low,""
"Message",High,"正在生成本机代码"
"Message",Low,"已完成在文件 ""Nutc"" 中生成目标 ""MDILPrepareMultiFile""。"
"Message",Low,""
"Message",Low,"已完成在文件 ""Nutc"" 中生成目标 ""SetBinaryForReferences""。"
"Message",Low,""
"Message",Low,"任务 ""GenerateMDILGlobalAnalysis"""
"Message",Normal,"Launching 'C:\Users\maozw\.nuget\packages\microsoft.net.native.compiler\1.7.0\tools\x64\ilc\Tools\nutc_driver.exe @""D:\study\uwpProjects\One\One\obj\x64\Release\ilc\intermediate\MDIL\One.rsp""'"
"Message",Low,"Microsoft (R) MDIL Compiler - Version 1.7.25531.01"
"Message",Low,"Copyright (c) Microsoft Corporation.  All rights reserved."
"Message",Low,"正在扫描输入类型"
"Message",Low,"正在扫描 11470 方法。"
"Message",Low,"正在扫描 3847 方法。"
"Message",Low,"正在扫描 2283 方法。"
"Message",Low,"正在扫描 1462 方法。"
"Message",Low,"正在扫描 3389 方法。"
"Message",Low,"正在扫描 2337 方法。"
"Message",Low,"正在扫描 1516 方法。"
"Message",Low,"正在扫描 1297 方法。"
"Message",Low,"正在扫描 1362 方法。"
"Message",Low,"正在扫描 1118 方法。"
"Message",Low,"正在扫描 970 方法。"
"Message",Low,"正在扫描 609 方法。"
"Message",Low,"正在扫描 492 方法。"
"Message",Low,"正在扫描 278 方法。"
"Message",Low,"正在扫描 179 方法。"
"Message",Low,"正在扫描 103 方法。"
"Message",Low,"正在扫描 117 方法。"
"Message",Low,"正在扫描 59 方法。"
"Message",Low,"正在扫描 24 方法。"
"Message",Low,"正在扫描 11 方法。"
"Message",Low,"正在扫描 4 方法。"
"Message",Low,"正在扫描 4 方法。"
"Message",Low,"正在扫描 6 方法。"
"Message",Low,"正在扫描 3 方法。"
"Message",Low,"迫切生成代码"
"Message",Low,"正在编译 32940 方法。"
"Message",Low,"延迟生成代码"
"Message",Low,"正在编译 4 方法。"
"Message",Low,"正在编译 30 方法。"
"Message",Low,"已成功生成“D:\study\uwpProjects\One\One\obj\x64\Release\ilc\intermediate\MDIL\One.mdilexe”"
"Message",Low,"已成功生成“D:\study\uwpProjects\One\One\obj\x64\Release\ilc\intermediate\MDIL\One.mdilpdb”"
"Message",Normal,"'C:\Users\maozw\.nuget\packages\microsoft.net.native.compiler\1.7.0\tools\x64\ilc\Tools\nutc_driver.exe @""D:\study\uwpProjects\One\One\obj\x64\Release\ilc\intermediate\MDIL\One.rsp""' completed."
"Message",Normal,"Process execution statistics (all times in milliseconds)"
"Message",Normal,"-----------------------------------------------------------------------------"
"Message",Normal,"launch  |  start   |   stop   |   end    | duration | lifetime | [slot] name"
"Message",Normal,"-----------------------------------------------------------------------------"
"Message",Normal,"       0 |       16 |    39813 |    39813 |    39797 |    39813 | [0] Nutc GlobalAnalysis"
"Message",Normal,"Number of commands:      1"
"Message",Normal,"Total system time:       39813 ms"
"Message",Normal,"System time per command: 39813 ms"
"Message",Normal,"Total duration:          39797 ms"
"Message",Normal,"Total lifetime:          39813 ms"
"Message",Normal,"Requested DOP:           4"
"Message",Normal,"Duration DOP:            1.0"
"Message",Normal,"Lifetime DOP:            1.0"
"Message",Low,"已完成执行任务 ""GenerateMDILGlobalAnalysis""。"
"Message",Low,"已完成在文件 ""Nutc"" 中生成目标 ""GenerateMDILGlobalAnalysis""。"
"Message",Low,""
"Message",Low,"任务 ""rc"""
"Message",Normal,"Launching 'C:\Program Files (x86)\Windows Kits\10\bin\10.0.15063.0\x64\rc.exe /c ""65001"" /r /fo ""D:\study\uwpProjects\One\One\obj\x64\Release\ilc\intermediate\BuildInfo\BuildInfo.res"" ""D:\study\uwpProjects\One\One\obj\x64\Release\ilc\intermediate\BuildInfo\BuildInfo.rc""'"
"Message",Low,"Microsoft (R) Windows (R) Resource Compiler Version 10.0.10011.16384"
"Message",Low,"Copyright (C) Microsoft Corporation.  All rights reserved."
"Message",Normal,"'C:\Program Files (x86)\Windows Kits\10\bin\10.0.15063.0\x64\rc.exe /c ""65001"" /r /fo ""D:\study\uwpProjects\One\One\obj\x64\Release\ilc\intermediate\BuildInfo\BuildInfo.res"" ""D:\study\uwpProjects\One\One\obj\x64\Release\ilc\intermediate\BuildInfo\BuildInfo.rc""' completed."
"Message",Normal,"Process execution statistics (all times in milliseconds)"
"Message",Normal,"-----------------------------------------------------------------------------"
"Message",Normal,"launch  |  start   |   stop   |   end    | duration | lifetime | [slot] name"
"Message",Normal,"-----------------------------------------------------------------------------"
"Message",Normal,"       0 |        0 |      109 |      109 |      109 |      109 | [0] rc"
"Message",Normal,"Number of commands:      1"
"Message",Normal,"Total system time:       109 ms"
"Message",Normal,"System time per command: 109 ms"
"Message",Normal,"Total duration:          109 ms"
"Message",Normal,"Total lifetime:          109 ms"
"Message",Normal,"Requested DOP:           4"
"Message",Normal,"Duration DOP:            1.0"
"Message",Normal,"Lifetime DOP:            1.0"
"Message",Low,"已完成执行任务 ""rc""。"
"Message",Low,"任务 ""ResourceBinaryConcatenate"""
"Message",Normal,"Concatenating into 'D:\study\uwpProjects\One\One\obj\x64\Release\ilc\intermediate\Native.res' with alignment '4'."
"Message",Normal," Added 'D:\study\uwpProjects\One\One\obj\x64\Release\ilc\intermediate\ILTransformed\One.res' at offset 0."
"Message",Normal," Added 'D:\study\uwpProjects\One\One\obj\x64\Release\ilc\intermediate\BuildInfo\BuildInfo.res' at offset 1336."
"Message",Low,"已完成执行任务 ""ResourceBinaryConcatenate""。"
"Message",Low,"已完成在文件 ""Nutc"" 中生成目标 ""GenerateBuildInfo""。"
"Message",Low,"已完成生成项目 ""Nutc""。"
"Message",Low,""
"Message",Low,""
"Message",Low,"已完成在文件 ""Binder"" 中生成目标 ""MDILBindPrepare""。"
"Message",Low,""
"Message",High,"正在生成本机代码的链接地址信息"
"Message",Low,"任务 ""MDILBind"""
"Message",Normal,"Launching 'C:\Users\maozw\.nuget\packages\microsoft.net.native.compiler\1.7.0\tools\x64\ilc\Tools\rhbind.exe @""D:\study\uwpProjects\One\One\obj\x64\Release\ilc\intermediate\rhbindargs.One.rsp""'"
"Message",Low,"操作系统版本: 主版本: 6 次版本: 2"
"Message",Low,"MDIL: D:\study\uwpProjects\One\One\obj\x64\Release\ilc\intermediate\MDIL\One.mdilexe"
"Message",Low,"MDILPDB: D:\study\uwpProjects\One\One\obj\x64\Release\ilc\intermediate\MDIL\One.mdilpdb"
"Message",Low,"IL: D:\study\uwpProjects\One\One\obj\x64\Release\ilc\intermediate\MDIL\One.ilexe"
"Message",Low,"NI: D:\study\uwpProjects\One\One\obj\x64\Release\ilc\intermediate\Native\One.dll"
"Message",Low,"填充码: D:\study\uwpProjects\One\One\obj\x64\Release\ilc\intermediate\Native\One.exe"
"Message",Low,"REDHAWK_RUNTIME_DLL_NAME_A=mrt100_app.dll"
"Message",Low,"pdb: D:\study\uwpProjects\One\One\obj\x64\Release\ilc\intermediate\Native\One.pdb"
"Message",Low,"生成了 D:\study\uwpProjects\One\One\obj\x64\Release\ilc\intermediate\Native\One.dll (2.442 秒内)"
"Message",Normal,"'C:\Users\maozw\.nuget\packages\microsoft.net.native.compiler\1.7.0\tools\x64\ilc\Tools\rhbind.exe @""D:\study\uwpProjects\One\One\obj\x64\Release\ilc\intermediate\rhbindargs.One.rsp""' completed."
"Message",Normal,"Process execution statistics (all times in milliseconds)"
"Message",Normal,"-----------------------------------------------------------------------------"
"Message",Normal,"launch  |  start   |   stop   |   end    | duration | lifetime | [slot] name"
"Message",Normal,"-----------------------------------------------------------------------------"
"Message",Normal,"       0 |       15 |     2531 |     2531 |     2516 |     2531 | [0] rhbind One"
"Message",Normal,"Number of commands:      1"
"Message",Normal,"Total system time:       2531 ms"
"Message",Normal,"System time per command: 2531 ms"
"Message",Normal,"Total duration:          2516 ms"
"Message",Normal,"Total lifetime:          2531 ms"
"Message",Normal,"Requested DOP:           4"
"Message",Normal,"Duration DOP:            1.0"
"Message",Normal,"Lifetime DOP:            1.0"
"Message",Low,"已完成执行任务 ""MDILBind""。"
"Message",Low,"已完成在文件 ""Binder"" 中生成目标 ""MDILBind""。"
"Message",Low,"已完成生成项目 ""Binder""。"
"Message",Low,""
"Message",Low,""
"Message",Low,"已完成在文件 ""Deployment"" 中生成目标 ""CopyNativeExecutablesToOutput""。"
"Message",Low,""
"Message",Low,"任务 ""TransformAppxManifest"""
"Message",Low,"已完成执行任务 ""TransformAppxManifest""。"
"Message",Low,"已完成在文件 ""Deployment"" 中生成目标 ""TransformAppxManifestAndAddCrt""。"
"Message",Low,""
"Message",Low,"已完成在文件 ""Deployment"" 中生成目标 ""CopyPackageResourceFileInRetailBuild""。"
"Message",Low,"已完成生成项目 ""Deployment""。"
"Message",Low,"编译已完成"
